Operator_ID,Operator_Name,Email,Phone,Role,Status,Site_ID
OP101,Emily Rios,pwilkerson@thomas-taylor.net,+1-949-369-6532,MANAGER,ACTIVE,S002
OP102,Shannon Hernandez,laurahenderson@cruz.info,648.401.8451x46270,FIELD_OPERATOR,ACTIVE,S005
OP103,Ashley Garrett,ericfarmer@ashley.org,470-415-4303x91171,FIELD_OPERATOR,ACTIVE,S004
OP104,Theresa Martin,ibrandt@vaughn.com,587.213.3150x983,FIELD_OPERATOR,ACTIVE,S002
OP105,Mark Perez,heathchad@ramirez.com,+1-329-397-3763,MANAGER,ACTIVE,S002
OP106,Heather Jenkins,nuneztracey@brown.com,633-938-7262,MANAGER,ACTIVE,S007
OP107,Thomas Ramos,williamsyvette@novak.com,(977)436-0260x64746,FIELD_OPERATOR,ACTIVE,S001
OP108,Daniel Brown,adkinsbrian@woods.com,312.819.1361x93990,FIELD_OPERATOR,ACTIVE,S004
OP109,Krystal Stewart,james53@foster-powers.com,651.407.9911x838,FIELD_OPERATOR,ACTIVE,S001
OP110,Shirley Suarez,justin78@turner.net,4846124118,MANAGER,ACTIVE,S004
OP111,Daniel Cooper,william40@walters.com,2523427868,MANAGER,ACTIVE,S007
OP112,Stephen Mckee,davenportbrandi@jordan.com,(405)433-1586x923,FIELD_OPERATOR,ACTIVE,S008
OP113,Allison Doyle,kimberly63@moore-haynes.biz,2735375433,MANAGER,ACTIVE,S005
OP114,Donald Jones,michael86@zavala.com,329-840-1965x569,FIELD_OPERATOR,ACTIVE,S003
OP115,Cheryl Williams,zsmith@mcdaniel.com,(861)659-5148x465,MANAGER,ACTIVE,S007
OP116,Cheryl Ortega,lbyrd@carroll.com,336-699-5777x3872,FIELD_OPERATOR,ACTIVE,S005
OP117,Mackenzie Rogers,emilywalker@hernandez.com,391.876.9367x6320,FIELD_OPERATOR,ACTIVE,S004
OP118,Robert Dominguez,pwilliams@bryant.net,+1-495-979-8687,FIELD_OPERATOR,ACTIVE,S002
OP119,Paul Larsen,katie87@allen.com,855-881-2236x231,FIELD_OPERATOR,ACTIVE,S007
OP120,John Brown,xprice@shah.org,(670)854-6688x9373,FIELD_OPERATOR,ACTIVE,S006
OP121,Mr. Michael Yates,marycalhoun@ferguson.com,562-972-0465,FIELD_OPERATOR,ACTIVE,S005
OP122,Philip Gray,fking@smith-ryan.com,510.403.3092,FIELD_OPERATOR,ACTIVE,S008
OP123,Brian Gould,xlyons@jackson-lawson.com,001-324-619-0496x63193,MANAGER,ACTIVE,S002
OP124,Lindsay Martinez,reedross@jones-holland.com,(971)865-7262x84987,FIELD_OPERATOR,ACTIVE,S002
OP125,Leslie Morris,mariahmiller@sanchez-marshall.org,+1-665-207-5273x54549,MANAGER,ACTIVE,S005
OP126,Cheryl Allen,wfreeman@vaughn.info,701.843.6349x578,MANAGER,ACTIVE,S006
OP127,Krista Bell MD,john13@wilson-herrera.com,537.649.8941,MANAGER,ACTIVE,S004
OP128,Christopher Smith,joshuamccann@carter.info,209-647-7752,MANAGER,ACTIVE,S002
OP129,Karen Short,kvasquez@parks.com,831-986-9993,FIELD_OPERATOR,ACTIVE,S004
OP130,Elizabeth Chapman,ntorres@lynch.com,001-933-641-2328x12067,FIELD_OPERATOR,ACTIVE,S002
OP131,Dwayne Campbell,ojones@french-weber.com,(918)332-4210x24994,FIELD_OPERATOR,ACTIVE,S002
OP132,Eric Powell,vincent77@george.com,+1-940-913-9904x902,FIELD_OPERATOR,ACTIVE,S005
OP133,Catherine Richards,ecosta@ortiz-morris.com,(356)774-6807,FIELD_OPERATOR,ACTIVE,S006
OP134,Brian Barton,sandovalamy@brown-stone.org,001-577-403-4824x77109,FIELD_OPERATOR,ACTIVE,S006
OP135,Adam Russell,victoriadurham@valentine-holland.com,448.346.7737x8263,FIELD_OPERATOR,ACTIVE,S004
OP136,Richard Perry,lori44@carpenter.info,+1-575-558-8675,MANAGER,ACTIVE,S005
OP137,Cynthia Rowe,floresthomas@hughes-alvarado.com,802.489.5171x8702,MANAGER,ACTIVE,S002
OP138,Richard Baker,vsantos@villarreal.info,+1-309-313-4316,MANAGER,ACTIVE,S003
OP139,Michael Berger,nguyenbrian@brooks-thomas.net,(992)622-1969x37923,MANAGER,ACTIVE,S004
OP140,Michael Nolan,rsantana@moore.org,664-674-3671x3695,FIELD_OPERATOR,ACTIVE,S008
OP141,Ronald Foster,knightgina@beltran.com,001-739-453-3942x10470,FIELD_OPERATOR,ACTIVE,S005
OP142,Edward Burgess,jamesbuchanan@schmidt-mcintyre.com,374-851-7123x685,MANAGER,ACTIVE,S004
OP143,Joshua Gibson,brenda51@hall.net,393-517-4612x00471,MANAGER,ACTIVE,S006
OP144,Brandy Chavez,umatthews@mcclure.com,796.240.5377x3515,FIELD_OPERATOR,ACTIVE,S004
OP145,Colton Martinez,ndavis@fowler.com,529.731.8393,FIELD_OPERATOR,ACTIVE,S006
OP146,Rachel Carlson,michele22@king.com,(205)439-5024,FIELD_OPERATOR,ACTIVE,S005
OP147,Kelly Reese,xwest@wheeler.org,3849700766,FIELD_OPERATOR,ACTIVE,S004
OP148,Jill Lam,charlene12@weber-richards.com,(998)547-8961x1836,MANAGER,ACTIVE,S006
OP149,Ronald Ross,edwardslarry@brooks-hernandez.info,211-716-1528,FIELD_OPERATOR,ACTIVE,S008
OP150,Jennifer Russo,uparrish@schmitt.com,(319)683-2731x585,FIELD_OPERATOR,ACTIVE,S008
OP151,Renee Bruce,lynchdiane@adams.com,850-922-9612x01836,FIELD_OPERATOR,ACTIVE,S005
OP152,Jacob Griffith,wareeric@williams.biz,997.664.3815x6149,FIELD_OPERATOR,ACTIVE,S004
OP153,James Greene,harrissierra@duran.com,707-362-2683,MANAGER,ACTIVE,S005
OP154,Patrick Graham,umorse@patterson.com,860-352-9751,MANAGER,ACTIVE,S007
OP155,Kevin Warren,vharrell@walker-maxwell.com,418.383.5523x12432,MANAGER,ACTIVE,S007
OP156,Raymond Snyder,kmaldonado@reid.com,(771)377-4490,FIELD_OPERATOR,ACTIVE,S004
OP157,Jesse Brown,chase19@hunter.com,393.459.7820x715,FIELD_OPERATOR,ACTIVE,S008
OP158,Michael Ritter,michaelhardin@ortiz-morgan.org,4517518644,FIELD_OPERATOR,ACTIVE,S001
OP159,Matthew Rangel,tammy62@fletcher.com,(481)568-5054,FIELD_OPERATOR,ACTIVE,S003
OP160,Ralph Lee,ericphillips@romero.net,4599296222,MANAGER,ACTIVE,S003
OP161,Jackson Ball,wbishop@bowers.info,859.477.4688,MANAGER,ACTIVE,S007
OP162,Rebecca Taylor,brett75@villa.com,812-247-8261x3750,MANAGER,ACTIVE,S002
OP163,James Hughes,brooksanthony@combs.com,(220)347-2779,FIELD_OPERATOR,ACTIVE,S007
OP164,Daniel Hernandez,srodriguez@turner.com,(897)211-7980x89324,MANAGER,ACTIVE,S008
OP165,Cynthia Butler,millsmichael@stephens.com,(770)465-4051x5319,MANAGER,ACTIVE,S005
OP166,Joshua Li,mariacohen@mendoza.info,8439030548,MANAGER,ACTIVE,S001
OP167,Paul Lee,michelle05@martinez-richardson.biz,001-876-452-7758x4161,MANAGER,ACTIVE,S002
OP168,Erica Miller,kirk96@norris.info,4592640165,MANAGER,ACTIVE,S005
OP169,Lawrence Harrington,martinezjoel@diaz.org,(775)857-1928,MANAGER,ACTIVE,S006
OP170,Donald Horne,fitzgeraldvictor@mcintyre-wilson.com,001-973-394-7312x172,FIELD_OPERATOR,ACTIVE,S005
OP171,Tracy Downs,jenna88@vance-york.com,(783)913-2370x589,FIELD_OPERATOR,ACTIVE,S003
OP172,Kristen Salazar,jonesraymond@higgins.org,425-417-7852,FIELD_OPERATOR,ACTIVE,S001
OP173,Thomas Brown,holmeskevin@morris.com,(384)414-3842x498,MANAGER,ACTIVE,S005
OP174,Lauren Jackson,megan90@miller.org,839-669-0784x473,MANAGER,ACTIVE,S003
OP175,Michael Moore,nwashington@lawson-edwards.com,001-956-525-8815x3714,MANAGER,ACTIVE,S002
OP176,Anthony Dougherty,kwright@peck-griffith.com,001-527-787-7470x16873,MANAGER,ACTIVE,S005
OP177,Douglas Harper,amitchell@jordan.com,001-965-606-0983x58416,MANAGER,ACTIVE,S004
OP178,Lisa Carr,theresalong@grant-diaz.com,798.968.0002,FIELD_OPERATOR,ACTIVE,S006
OP179,Brittany Barry,markaustin@long.com,001-258-788-7947,FIELD_OPERATOR,ACTIVE,S001
OP180,Brian Butler,laura09@baker-rios.org,001-430-597-2896,MANAGER,ACTIVE,S006
OP181,Travis Rodriguez,alexanderrobert@vaughn-jenkins.org,702.783.8578x6527,FIELD_OPERATOR,ACTIVE,S001
OP182,Sharon Becker,chelsea33@grant-walker.com,001-843-775-7584x41986,FIELD_OPERATOR,ACTIVE,S006
OP183,Regina Roberts,stephanie15@douglas-burgess.com,584.584.2199,FIELD_OPERATOR,ACTIVE,S004
OP184,Taylor Perez,briangutierrez@kennedy.net,(367)573-4540,FIELD_OPERATOR,ACTIVE,S004
OP185,Miranda Zuniga,robertmonroe@osborn.info,(640)904-9915,MANAGER,ACTIVE,S002
OP186,Kimberly Snyder DVM,znelson@rivera.info,+1-742-305-4932x9668,FIELD_OPERATOR,ACTIVE,S008
OP187,Brandon Holden,pmorris@green.info,001-445-849-9045x30174,FIELD_OPERATOR,ACTIVE,S003
OP188,Tammy Barron,hannah45@walker.info,001-795-368-7833x9187,FIELD_OPERATOR,ACTIVE,S008
OP189,Ashley Poole,ashleyhernandez@bond-ramos.com,001-297-918-7072x867,MANAGER,ACTIVE,S003
OP190,Elizabeth Johnson,lisa39@williams.com,+1-801-770-4622,FIELD_OPERATOR,ACTIVE,S007
OP191,Janet Kane DVM,qmiller@anderson.net,(582)930-0478x6863,FIELD_OPERATOR,ACTIVE,S004
OP192,Donald Pineda,johnsondonna@miranda.com,819-907-9030,MANAGER,ACTIVE,S005
OP193,Daniel Shields,taylorvictoria@cabrera.org,499-853-4283x64408,FIELD_OPERATOR,ACTIVE,S006
OP194,Amber Cooper,ufloyd@butler.net,833.542.7086x6882,FIELD_OPERATOR,ACTIVE,S008
OP195,Gary Miller,fboone@hardy.org,+1-501-539-8373x540,FIELD_OPERATOR,ACTIVE,S004
OP196,Autumn Key,srocha@padilla.com,001-746-578-5445x87717,FIELD_OPERATOR,ACTIVE,S002
OP197,Jason Hart,joycesmith@donovan.com,653.969.3785,FIELD_OPERATOR,ACTIVE,S001
OP198,Maria Henry,jessicabell@cortez.com,+1-508-301-0062,MANAGER,ACTIVE,S004
OP199,Alexa Wagner,bruce97@freeman.com,3843840862,MANAGER,ACTIVE,S004
OP200,Daisy Harvey,lisa46@watson.info,001-833-941-0166,FIELD_OPERATOR,ACTIVE,S002
OP201,Adam Jackson,pbruce@knight-hodge.com,703.239.7401x48902,MANAGER,ACTIVE,S001
OP202,Laurie Goodwin,thickman@elliott.biz,+1-885-762-1850x16315,FIELD_OPERATOR,ACTIVE,S002
OP203,Donald Riddle,jperez@reynolds-frazier.biz,494-831-1426,FIELD_OPERATOR,ACTIVE,S006
OP204,Brian Smith,sean41@miller.info,+1-388-761-0158,FIELD_OPERATOR,ACTIVE,S004
OP205,Alexandria Gutierrez,hardyanita@armstrong.biz,(824)644-7212,FIELD_OPERATOR,ACTIVE,S008
OP206,John Jones,sheryl79@gonzalez.biz,796-457-5692x45937,FIELD_OPERATOR,ACTIVE,S003
OP207,Tracy Carter,yfaulkner@nguyen.biz,(619)339-8280x737,MANAGER,ACTIVE,S008
OP208,Rebecca Ortiz,ttaylor@king.biz,(317)397-9688x6805,FIELD_OPERATOR,ACTIVE,S008
OP209,Mary Kelly,hartdeanna@ross.biz,501-943-8889,FIELD_OPERATOR,ACTIVE,S004
OP210,Joel Frazier,michaeljohnson@phillips.com,001-925-745-7387x5717,FIELD_OPERATOR,ACTIVE,S002
OP211,Andrew Page,sweeneydeborah@marsh.net,(482)458-6736,MANAGER,ACTIVE,S007
OP212,Jessica Johnson,shannonjordan@bush.com,001-719-818-2553x71478,FIELD_OPERATOR,ACTIVE,S007
OP213,Laurie Bailey,rwilliamson@mcbride.com,813-841-2528x66929,FIELD_OPERATOR,ACTIVE,S008
OP214,Mark Steele,angelaburns@lopez.org,9508723688,MANAGER,ACTIVE,S001
OP215,Jennifer Larsen,kjackson@flynn.com,3433842797,MANAGER,ACTIVE,S002
OP216,Joshua Ritter,wolfscott@fritz.com,807-445-1713x3959,FIELD_OPERATOR,ACTIVE,S007
OP217,Rachel Li,hudsonamanda@ryan.com,001-448-512-6042,MANAGER,ACTIVE,S006
OP218,Frank Wright,kburns@adams.com,(884)557-7590x1751,FIELD_OPERATOR,ACTIVE,S004
OP219,Samantha Simpson,maria58@anderson.com,8175012770,FIELD_OPERATOR,ACTIVE,S004
OP220,Susan Khan MD,clarence54@watson.com,9643361103,MANAGER,ACTIVE,S008
OP221,Darrell Frazier,smithmatthew@mcneil.com,413.361.1155x4262,FIELD_OPERATOR,ACTIVE,S007
OP222,Alejandra Santos,nbell@goodman.info,711.421.9656,FIELD_OPERATOR,ACTIVE,S005
OP223,Matthew Wright,kimberly04@holmes.com,001-264-703-7613x7918,FIELD_OPERATOR,ACTIVE,S004
OP224,Bonnie Valencia,rdiaz@farmer.com,001-610-843-0068,FIELD_OPERATOR,ACTIVE,S008
OP225,James Davidson,joshuacollins@mccall.com,(291)646-3031x6179,MANAGER,ACTIVE,S002
OP226,Mary Thompson,zimmermanjacqueline@crawford.net,342.952.4105x64814,FIELD_OPERATOR,ACTIVE,S001
OP227,Ian Porter,michaelscott@shannon.com,880.400.3075,FIELD_OPERATOR,ACTIVE,S004
OP228,Tyler Johnson,pwalker@moon-flores.com,001-851-380-2380,FIELD_OPERATOR,ACTIVE,S007
OP229,Sharon Ayala,mark87@wood.org,293-575-9738x3206,FIELD_OPERATOR,ACTIVE,S008
OP230,Makayla Steele,tapiaaaron@bennett.com,336.370.2410x38657,FIELD_OPERATOR,ACTIVE,S007
OP231,Mandy Foster,grahamtamara@carter.biz,001-355-474-3132x912,FIELD_OPERATOR,ACTIVE,S003
OP232,Erik Martinez,tami37@ford-phelps.com,(749)803-5213,FIELD_OPERATOR,ACTIVE,S001
OP233,Megan Green,anthonysullivan@hawkins-pierce.com,612.310.0323x651,FIELD_OPERATOR,ACTIVE,S005
OP234,Austin Orr,flamb@martinez-dunlap.com,(796)567-0662,FIELD_OPERATOR,ACTIVE,S005
OP235,Denise Griffin,austinharvey@holland.biz,+1-570-214-6263,FIELD_OPERATOR,ACTIVE,S008
OP236,Rachael Howard DDS,kcooper@morris.org,404.307.8593,FIELD_OPERATOR,ACTIVE,S004
OP237,David Ferguson,gallagherstacie@bradford.com,(439)555-9059,FIELD_OPERATOR,ACTIVE,S004
OP238,Rita Waller,gregory01@hall.com,470.359.3252x50029,FIELD_OPERATOR,ACTIVE,S001
OP239,Shannon Yu,janet69@rogers.com,(467)852-8953,MANAGER,ACTIVE,S006
OP240,Michael Anderson,rushstacy@rosales-townsend.org,4297593917,FIELD_OPERATOR,ACTIVE,S001
OP241,Cynthia Haas,daisymccarty@santiago.com,433-815-4100x676,MANAGER,ACTIVE,S008
OP242,James Payne Jr.,kkramer@chang.com,705-941-1526x2181,MANAGER,ACTIVE,S003
OP243,Jessica Valdez,gmoore@harris-lee.net,001-284-744-3106x9872,FIELD_OPERATOR,ACTIVE,S002
OP244,Brandon Colon,bgonzalez@jackson.com,714.467.7418x6256,FIELD_OPERATOR,ACTIVE,S002
OP245,Dennis Marshall,maryelliott@goodwin.com,858-969-3806,MANAGER,ACTIVE,S002
OP246,Cynthia Evans,torr@shaw.org,+1-592-417-2233x20616,MANAGER,ACTIVE,S004
OP247,Deanna Bartlett,millerangela@nguyen.com,001-399-386-1622x999,FIELD_OPERATOR,ACTIVE,S002
OP248,Ashlee Mitchell,natalie46@washington.com,(229)796-0653x0745,MANAGER,ACTIVE,S004
OP249,Elizabeth Ramirez,rgarrison@compton.com,775-246-9137x3678,MANAGER,ACTIVE,S001
OP250,Caitlin Collins,htaylor@johnson.com,807.305.3457,MANAGER,ACTIVE,S002
OP251,Dana Burns,ethompson@arnold.com,001-814-206-0293x3334,FIELD_OPERATOR,ACTIVE,S006
OP252,Tracy Fleming,pbuck@burke.com,894-346-6574x374,FIELD_OPERATOR,ACTIVE,S004
OP253,Zachary Levy,anna99@evans-rodriguez.com,445-244-4328x30965,MANAGER,ACTIVE,S006
OP254,Yolanda Green,vsullivan@aguilar.com,638-475-8428x24172,FIELD_OPERATOR,ACTIVE,S005
OP255,Stephanie Pena,michaelgarner@fisher-eaton.com,594-371-7099x917,FIELD_OPERATOR,ACTIVE,S003
OP256,Jane Evans,pittsedward@cooper.info,(252)917-5250,MANAGER,ACTIVE,S005
OP257,Philip Jackson,tracygallagher@anderson.biz,(267)260-0835x0583,FIELD_OPERATOR,ACTIVE,S006
OP258,Danielle Steele,larry16@chapman.com,878-298-5625x7532,FIELD_OPERATOR,ACTIVE,S001
OP259,Nicholas Anderson,lawrencegary@dawson-conner.biz,+1-848-390-9010x0167,FIELD_OPERATOR,ACTIVE,S002
OP260,Kara Hernandez,turnerdorothy@meyer.biz,589-614-1173,FIELD_OPERATOR,ACTIVE,S004
OP261,Valerie Howard,cphillips@crawford.com,300.311.9721,MANAGER,ACTIVE,S005
OP262,Maria Bryant,joseph01@sawyer.com,+1-356-711-0022x55794,FIELD_OPERATOR,ACTIVE,S006
OP263,Catherine Morales,ynelson@jefferson.com,920-421-6979,FIELD_OPERATOR,ACTIVE,S004
OP264,Peggy Carr,timothyfreeman@alexander-brown.com,3898935889,FIELD_OPERATOR,ACTIVE,S005
OP265,Danielle Reed,jhernandez@brown.info,821.575.3540x8386,FIELD_OPERATOR,ACTIVE,S008
OP266,Jeremy Berry,gatessergio@hooper.com,666-508-8019,MANAGER,ACTIVE,S005
OP267,Joy Peterson,velasquezmegan@castro-harvey.info,001-757-311-3055x488,MANAGER,ACTIVE,S001
OP268,Christopher Taylor,nrodriguez@lopez.com,435.916.0917x798,MANAGER,ACTIVE,S005
OP269,Noah Tran,eroberson@norman.com,001-821-769-9586x6934,MANAGER,ACTIVE,S002
OP270,Jodi Anderson,vmorrison@evans.net,+1-733-939-4522x8851,FIELD_OPERATOR,ACTIVE,S005
OP271,Terri Mckinney,natalie60@rodriguez.com,242.744.2043,FIELD_OPERATOR,ACTIVE,S002
OP272,Ashley Parrish,juliahoffman@dixon.com,001-906-566-5800x439,MANAGER,ACTIVE,S003
OP273,Michele Holland,kimberlybrandt@cole-lucero.com,(628)416-0648,FIELD_OPERATOR,ACTIVE,S005
OP274,Ryan Smith,jmckinney@hernandez.org,5944798515,MANAGER,ACTIVE,S004
OP275,Rachel Moore,odavis@alvarado.com,539-287-8015x7399,MANAGER,ACTIVE,S006
OP276,Erica Moon,cruzamber@johnson-black.com,287.370.4358x11288,FIELD_OPERATOR,ACTIVE,S005
OP277,Mark Lewis,nhouston@poole.biz,+1-312-507-5011x0248,MANAGER,ACTIVE,S008
OP278,Jennifer Hayes,bhamilton@nunez-nichols.org,390-615-8144,FIELD_OPERATOR,ACTIVE,S001
OP279,Jessica Foster,wellsamanda@francis.com,+1-824-350-8821x0099,FIELD_OPERATOR,ACTIVE,S007
OP280,Paul Berger,jason82@white.com,612.390.8781,FIELD_OPERATOR,ACTIVE,S001
OP281,Craig Carpenter,michael31@harvey-mccullough.com,275.794.9299x5562,FIELD_OPERATOR,ACTIVE,S006
OP282,Daniel Singh,xhill@frazier.info,575.647.8129x142,FIELD_OPERATOR,ACTIVE,S005
OP283,Lori Luna,atkinsoncrystal@riley.com,+1-648-487-2563,FIELD_OPERATOR,ACTIVE,S008
OP284,Jordan Sanders,batesmelanie@sutton.com,(599)327-5037,MANAGER,ACTIVE,S007
OP285,David Barnett,paul70@hooper.com,001-384-649-8926x659,MANAGER,ACTIVE,S001
OP286,Terry Black,lisa57@eaton-smith.com,323.518.4322x259,FIELD_OPERATOR,ACTIVE,S002
OP287,Gary Wilson,lmendoza@holland.com,402.299.2280,MANAGER,ACTIVE,S003
OP288,Thomas Black,kgreene@smith.com,437-497-7236,MANAGER,ACTIVE,S001
OP289,Kayla Jackson,sandra99@hall.com,403-988-6291,FIELD_OPERATOR,ACTIVE,S003
OP290,Linda Rich,davisdonna@ryan.biz,465.608.6376x59916,FIELD_OPERATOR,ACTIVE,S003
OP291,David Trevino,carmen86@lopez-fletcher.com,001-781-380-6356,FIELD_OPERATOR,ACTIVE,S005
OP292,Matthew King,ncunningham@braun-sanders.com,(488)372-5887x44956,FIELD_OPERATOR,ACTIVE,S001
OP293,Jillian Lyons,craigromero@owen-mendez.com,(360)612-7961,FIELD_OPERATOR,ACTIVE,S004
OP294,Bobby Johnson,zarias@douglas.com,001-427-270-3843x09883,MANAGER,ACTIVE,S004
OP295,Matthew Cantrell,sheakimberly@caldwell-sullivan.com,901.818.4895x54393,MANAGER,ACTIVE,S002
OP296,Debbie Russell,hansenwesley@arroyo-pratt.com,+1-994-976-9735,FIELD_OPERATOR,ACTIVE,S007
OP297,Shannon Olson,carlos33@gutierrez-gomez.net,4439416518,MANAGER,ACTIVE,S003
OP298,Daniel Berry,staceyvega@porter.com,001-934-233-3395x2111,FIELD_OPERATOR,ACTIVE,S003
OP299,Kimberly Williams,uwatson@villanueva-ibarra.org,972-284-6392x086,FIELD_OPERATOR,ACTIVE,S007
OP300,Jennifer Parks,stephenmartinez@stevens.com,(791)755-9428x4347,FIELD_OPERATOR,ACTIVE,S003
OP301,Jeff Barnes,michael64@white-anderson.org,+1-831-943-8663x22702,MANAGER,ACTIVE,S006
OP302,Steven Mccoy,kristen44@garrison.com,7346717545,FIELD_OPERATOR,ACTIVE,S004
OP303,Jason Bell,barbarasantos@thompson.net,871.369.4722x5699,FIELD_OPERATOR,ACTIVE,S003
OP304,Greg Edwards,jennifer96@barron-norman.com,001-498-876-2202x3413,MANAGER,ACTIVE,S002
OP305,Arthur Johns,johnsonrandy@garcia.com,464-233-4722,FIELD_OPERATOR,ACTIVE,S001
OP306,Howard Herman,imcdonald@dunn-taylor.net,(799)979-6884,FIELD_OPERATOR,ACTIVE,S004
OP307,Regina Ramos,robert24@smith.com,778-507-7406x4930,FIELD_OPERATOR,ACTIVE,S008
OP308,Justin Foster,jenniferbrewer@walker-miller.com,994.648.4631x22417,FIELD_OPERATOR,ACTIVE,S005
OP309,Katherine Flores,brandonnichols@compton.com,(770)831-2073,FIELD_OPERATOR,ACTIVE,S004
OP310,Robert Bolton,cterry@miller-christensen.com,8462187234,FIELD_OPERATOR,ACTIVE,S004
OP311,Randy Wright,cwright@murray.net,+1-537-764-5208x81474,FIELD_OPERATOR,ACTIVE,S006
OP312,Sharon Robinson,youngryan@jackson.org,763-300-9792,FIELD_OPERATOR,ACTIVE,S002
OP313,Jonathan Parks,sarah00@newman-miles.com,(873)758-5730,FIELD_OPERATOR,ACTIVE,S006
OP314,Danielle Williams,ihansen@henry.com,001-774-998-2182x7448,MANAGER,ACTIVE,S007
OP315,Mark Gray,nicoleharvey@parsons-allen.com,+1-386-338-7829x45651,MANAGER,ACTIVE,S006
OP316,Todd White,harristodd@johnson.biz,+1-378-999-4053x91037,FIELD_OPERATOR,ACTIVE,S002
OP317,Amy Grant,yshort@brown.com,413-881-1386x3383,FIELD_OPERATOR,ACTIVE,S003
OP318,Pamela Ray,bpark@jackson.net,(885)728-9755x8556,MANAGER,ACTIVE,S005
OP319,Kristine Lewis,michael77@smith-johnson.com,+1-408-324-0433x504,FIELD_OPERATOR,ACTIVE,S002
OP320,Henry Taylor,pamela33@shepherd-davis.biz,001-631-257-2791,MANAGER,ACTIVE,S007
OP321,Laura Miller,weeksmatthew@butler-parrish.com,001-590-460-4805x8925,FIELD_OPERATOR,ACTIVE,S006
OP322,Nicholas Long,kmullins@davis.com,(351)879-0864,FIELD_OPERATOR,ACTIVE,S002
OP323,Patricia Anderson,timothygonzalez@pearson-gonzalez.org,001-783-731-4659x1166,FIELD_OPERATOR,ACTIVE,S004
OP324,Gregory Rios,gary59@hanson-alexander.com,652.211.0392,FIELD_OPERATOR,ACTIVE,S001
OP325,Robert Torres,njohnson@medina.com,+1-679-420-6980,MANAGER,ACTIVE,S007
OP326,Curtis Horton,brian01@guerrero-alvarado.com,904-363-6815,FIELD_OPERATOR,ACTIVE,S004
OP327,Jonathan Ellis,williamssandra@cook-long.com,6558543840,FIELD_OPERATOR,ACTIVE,S007
OP328,Robin Johnson,jeremiah56@taylor.org,+1-536-439-2649x5782,FIELD_OPERATOR,ACTIVE,S006
OP329,Melinda Harris,kylethornton@browning.com,+1-892-851-8812x5205,MANAGER,ACTIVE,S006
OP330,Patrick Underwood,edwin31@lopez.org,499-993-9330x517,MANAGER,ACTIVE,S002
OP331,Jacqueline Christian,kwells@perez.com,563-833-1279x757,MANAGER,ACTIVE,S005
OP332,Andrew Moss,zcortez@crosby.com,517.670.3886x08680,MANAGER,ACTIVE,S005
OP333,Stephen Ayala,steven64@ellison.info,+1-271-481-2982x6657,MANAGER,ACTIVE,S007
OP334,Steven Huang,udavis@wong.com,417-851-8689,FIELD_OPERATOR,ACTIVE,S007
OP335,Amanda Jackson,ariana22@white.com,(944)974-2123x09407,MANAGER,ACTIVE,S005
OP336,Abigail Andrade,jaykeller@ortiz-miller.org,4382498302,MANAGER,ACTIVE,S003
OP337,Amanda Nash,mark10@butler.com,+1-749-899-8279x50145,FIELD_OPERATOR,ACTIVE,S007
OP338,Olivia Bridges,carterdennis@villarreal.com,001-739-601-9817x946,MANAGER,ACTIVE,S007
OP339,Whitney Gomez,christinacrawford@welch.org,843.801.0713,MANAGER,ACTIVE,S003
OP340,Gregory Shaffer,alexharris@king-jones.com,785.901.5569x90235,MANAGER,ACTIVE,S005
OP341,Rebecca Brewer,dmoore@huang.com,249.758.8039x55124,FIELD_OPERATOR,ACTIVE,S001
OP342,Miss Sarah Duncan,hlopez@thornton-edwards.com,361-773-5743x842,FIELD_OPERATOR,ACTIVE,S005
OP343,Paula Gentry,zhunter@stein-moore.com,384.252.1823x0768,FIELD_OPERATOR,ACTIVE,S007
OP344,Andrew Charles,cookpamela@meyer.com,7949353344,MANAGER,ACTIVE,S006
OP345,Denise Moore,smithcindy@garcia.com,(949)232-1495,FIELD_OPERATOR,ACTIVE,S008
OP346,John Lowe,reyeschristopher@white-carlson.org,+1-979-354-5381x7921,FIELD_OPERATOR,ACTIVE,S004
OP347,Michael Mckinney,oruiz@callahan.com,(962)955-7701x715,MANAGER,ACTIVE,S008
OP348,Diane Bailey,williamsullivan@robles.com,+1-476-996-3938,MANAGER,ACTIVE,S003
OP349,Glen Cervantes,bmueller@cobb.com,001-897-319-9758x1724,MANAGER,ACTIVE,S002
